feature,count,mean_activation,best_rank
26795,4844,0.108040403631615,1
0,2362,0.0,25
34814,2253,0.05992630707109128,3
1,1963,0.0,25
17709,1953,0.09071007991258266,1
29262,1920,0.07101533019449562,1
7888,1843,0.08549398342091884,1
3818,1760,0.06601854460313916,2
2,1596,0.0,25
21589,1482,0.0842339847030749,1
4,1466,0.03278109949402318,1
40844,1405,0.08218743245902858,1
3,1243,0.0,25
17577,1241,0.12203116807111034,1
40054,1191,0.1917727199405757,1
24800,1182,0.06557431066638826,1
18992,1108,0.07943020009230621,1
7188,1089,0.0649711034124712,1
7355,1083,0.07114412203527444,1
3988,1055,0.17200353460571777,1
2422,1007,0.05997488690612333,4
13420,997,0.060023358743731214,1
39295,972,0.0910623442772546,1
24529,909,0.24459722356991667,1
14218,886,0.06277284760271992,2
38783,836,0.16343865973616473,1
17899,830,0.07954770254801555,1
47405,817,0.10596962473292537,1
34286,816,0.0696925397816242,1
18001,813,0.11475878677171682,1
9785,799,0.129317029900336,1
8661,778,0.0954668367458723,1
5727,773,0.16008422226870353,1
48296,765,0.08959210999066533,1
12010,762,0.1175414915551038,1
14053,731,0.06691788468718855,1
23681,727,0.09368592898324235,1
35213,727,0.07284526161060373,1
16151,724,0.05805071329090806,3
5,706,0.0007974608529559613,12
45607,697,0.11151732835742288,1
18237,672,0.09611754807355326,1
9886,635,0.12776590385070935,1
5720,630,0.07680147625505925,1
44849,626,0.09088043481730425,1
8338,589,0.09697341801937043,1
48956,581,0.08287104964256287,1
4669,568,0.06479430256385199,1
47763,565,0.09432182338385456,1
23416,557,0.07205383609344972,1
46058,551,0.06039276664329527,4
41736,542,0.08247549978954326,1
43101,542,0.0710544566592937,1
41997,536,0.09049750366873706,1
26431,536,0.055233297855662764,6
26325,534,0.0742370192701004,1
41163,534,0.06430974562237325,1
3503,531,0.10728921007414098,1
39985,531,0.08118415080894859,1
39311,524,0.06858527654682407,1
22463,518,0.07198470326061414,1
34546,515,0.14540773702477947,1
39778,498,0.07622884044865048,1
6,488,0.0,21
27034,480,0.1123569905757904,1
12318,472,0.08424327340198018,2
953,458,0.10612817643836596,1
12243,454,0.08281962329825378,1
16607,454,0.08190560902136539,2
7194,453,0.1308193721502164,1
43571,451,0.18118568259537088,1
7946,451,0.0672204714276706,2
44332,448,0.11823733333897378,1
3490,447,0.1506053225472736,1
31623,447,0.08207059404927346,1
12490,446,0.12992607217465815,1
9538,439,0.07640679552302546,1
19382,439,0.05776867497041991,4
22763,434,0.07524721398262933,1
8550,431,0.0688664493369254,1
47497,430,0.08623942073521226,1
6401,430,0.08209818194425383,1
24824,427,0.09598210540358021,1
8068,425,0.08057860647930819,1
39563,425,0.062201569553683785,3
16926,423,0.07674586210162082,1
22072,421,0.1105378396596733,1
26352,404,0.07713468558164222,1
36703,402,0.08717803695049156,1
37366,401,0.05762745837618288,6
32953,394,0.05805102783033085,3
39662,393,0.06947361274074962,2
43572,392,0.07448969366104931,1
46714,391,0.08044933467684194,1
16556,391,0.057760897652267496,4
47494,383,0.0836495309387268,1
31945,378,0.0802273941891534,1
6447,377,0.12714507015772777,1
45186,376,0.07601766435905023,1
18418,375,0.11624867615103722,1
16426,375,0.0880642124414444,1
13737,368,0.08003547062854403,1
47281,368,0.07852394461793744,1
6021,368,0.07716000016333292,1
36508,363,0.08337232018962051,1
22451,362,0.07187430019289749,1
23887,361,0.09605818654609188,1
46377,356,0.08480284176766872,1
26967,351,0.10126089145485152,1
48556,351,0.08289021985907839,1
41283,342,0.09014066431823878,1
11040,341,0.0652051848793659,1
33491,334,0.06581829719156206,2
8529,333,0.06264876672723987,1
6365,332,0.0825446014887238,1
7,330,0.0,21
598,329,0.05960382670617031,4
32512,327,0.08105246084728007,1
9400,327,0.06647708834311285,2
44475,326,0.09345146783976102,1
20041,324,0.06860511510828395,2
14229,321,0.0701621157172313,1
16658,320,0.08236115740146488,1
34272,319,0.08142132797865284,1
7441,317,0.08294882820419709,1
31183,313,0.07312025215488653,1
39140,309,0.07390869510115929,1
14638,303,0.08192355571800333,1
26291,303,0.07852712558834467,2
38618,302,0.08249942837468047,1
22410,300,0.07717292100191116,1
17352,300,0.055804535051186877,4
37423,299,0.0692861293968947,1
24836,297,0.11726214976272599,1
4301,297,0.11172981923979139,1
8726,294,0.09798364837964375,1
31091,293,0.07799647201755348,1
5798,291,0.07708184761587288,1
36565,285,0.06619658930259839,2
39298,282,0.10827118400088016,1
21610,281,0.08440382327897693,1
15028,280,0.07146703974742974,1
23242,280,0.05542291011661291,5
36169,276,0.16909127828219664,1
31690,275,0.06891345368190245,1
13715,275,0.05991281772201711,3
17302,274,0.07089042421566309,1
3532,274,0.06879917249409821,1
30075,268,0.053961351764068674,5
25841,267,0.06194030327464311,1
17445,264,0.09538665100593459,1
23076,262,0.07483973612880888,1
33622,262,0.061759106246114685,1
5168,261,0.10392878948214868,1
3702,261,0.06650393133647597,2
43551,255,0.09772131478085237,1
37876,252,0.06496741924257506,2
6820,248,0.09886693726143529,1
48673,247,0.07730058411716932,1
16674,243,0.0848033137527513,1
22065,242,0.10972508200067134,1
22392,242,0.06134271270726338,1
45831,238,0.06337478030629519,1
7953,235,0.06693759267317488,3
33155,233,0.05401095084430322,4
13399,232,0.13512070505911933,1
3687,228,0.10339668148050182,1
38702,226,0.06159223568320802,2
31286,224,0.15066860799145484,1
17534,223,0.07209990574506366,1
33646,222,0.07639330640636585,1
44866,217,0.11389637220015723,1
35375,217,0.08316658828665034,2
26199,215,0.06865696570900984,1
22445,215,0.059428873623526376,3
41667,213,0.07222806854706974,1
3502,213,0.05614160924730167,9
13776,212,0.07188283558934927,2
34056,212,0.06306895803449289,2
8585,210,0.08116705140897205,1
11724,209,0.089332207716538,1
8,209,0.0,21
27732,205,0.07240170031422521,2
45390,204,0.127891706540158,1
4093,203,0.08248188654924261,1
1538,203,0.07537402741133874,3
4287,200,0.1331393378227949,1
10061,200,0.07900680053979159,1
44885,200,0.0740564525872469,1
8459,200,0.056068130210042,3
36413,195,0.11247048343603427,1
8894,195,0.07035756424451485,1
42074,194,0.06084992099054081,1
11433,192,0.06308945970765005,3
6582,191,0.0698636850410419,2
44433,190,0.09231135758914445,2
19366,190,0.08392656970965234,1
28851,189,0.06270429095815098,1
664,188,0.10539421030974135,1
21248,188,0.057178408066008955,7
17078,186,0.07623963949260532,1
27031,186,0.061398598535727426,2
19249,183,0.08312599511582995,1
36580,182,0.053446292385950195,1
12142,179,0.10040620152510744,1
2615,178,0.0882520859412263,1
41881,174,0.0686933107288747,1
975,171,0.05740196534503273,4
39217,170,0.10883133849676918,1
11150,170,0.08395878488526624,1
31400,169,0.0699600372353249,1
7326,167,0.08155932616509363,1
13134,167,0.07420327559024274,2
41888,167,0.06328790235572947,3
829,167,0.06242470157717516,5
11761,165,0.05545549943591609,7
46622,164,0.11973453081417375,1
24373,164,0.09108309724890604,1
24943,164,0.07999681495130062,2
37777,163,0.11197898130109706,1
17766,163,0.0970440302158426,1
2014,162,0.09221830803119106,1
46432,161,0.06349931342631393,1
38227,160,0.11563951070420445,1
40663,159,0.11754128683663015,1
28196,159,0.06767938098630065,3
10032,159,0.06686125414551429,3
20176,158,0.06527406255467029,1
43248,155,0.055697285912690624,4
7125,154,0.06840084863270258,2
47184,153,0.11555162378970314,1
13292,150,0.10065320476889611,2
7091,150,0.06077962179978689,2
19772,147,0.15575596079433046,1
9387,147,0.06932361783827243,3
36203,146,0.08294627042359685,1
32830,144,0.07273677120813066,2
35985,144,0.06170715857297182,4
2819,144,0.05696899097205864,8
11747,143,0.06920421488218374,1
17484,142,0.059999651577271204,3
13515,141,0.06516639692774902,3
23383,141,0.062352735839836984,6
17343,140,0.11069301159254143,1
48314,139,0.058870345836491894,2
9708,139,0.054374125739224524,6
45359,138,0.1300340064841768,1
7211,138,0.10754793083322221,1
40776,137,0.07934922983285285,1
24644,137,0.0717799954225112,1
27426,137,0.0653730048696055,1
27929,137,0.06125729498419449,2
37176,136,0.096579555531635,1
144,136,0.08361921081429019,1
5831,136,0.058723083724651265,3
9533,135,0.054207771961335784,6
43561,134,0.08637972937813446,1
45251,134,0.08166663334774438,1
634,134,0.06453602049332946,2
46004,133,0.07425283564996898,2
25148,133,0.06965107932910883,2
16902,132,0.05644024307416244,3
25792,131,0.060793620370726546,3
32277,130,0.07708848651785116,1
26360,130,0.06680258145699135,2
18343,130,0.05942236981712855,3
36370,130,0.059000321878836706,4
9,130,0.0,21
5742,129,0.10102302604174429,1
11730,129,0.055462516439977544,8
48311,128,0.061114733369322494,1
36678,128,0.05164446489652619,9
42072,127,0.06629665633003543,2
33316,125,0.06494913059473038,3
13988,124,0.0929625521323854,1
40076,124,0.07886457683578614,1
26729,124,0.06901672707810518,1
15741,124,0.06412187422956189,2
16164,124,0.06185643014407927,5
1507,124,0.05711906571542063,4
24091,123,0.0962475295352742,1
9832,123,0.08334721000940819,1
11567,122,0.1039592660352832,1
17746,122,0.0988207500366891,1
10907,122,0.06189405176116795,4
40714,122,0.05090877337411779,7
43981,121,0.06976032441805217,1
38141,121,0.06059261041978174,3
14522,120,0.11387241935978333,1
23845,120,0.0782288941865166,2
13021,120,0.06882997822637359,3
46598,120,0.060963202143708865,6
35584,120,0.05826998362317681,8
36475,120,0.054171001600722475,3
47783,118,0.08258914189823603,2
1527,116,0.07460163819507279,2
22297,116,0.06280834850823057,1
27794,115,0.06639331624559734,3
37724,114,0.06780532966449596,5
17920,114,0.061915593385173565,4
15734,113,0.09656832749600959,1
31751,113,0.08869351631244726,1
19696,113,0.07632077406201743,2
17330,113,0.06888240753813127,2
19092,112,0.15464745491876133,1
38526,112,0.09272676320480448,3
16727,112,0.08704461825878493,1
32030,112,0.06901437303583537,2
22910,112,0.064638786417033,4
48453,111,0.09799548604332649,1
47857,111,0.06288872310170182,4
45710,110,0.09270049086348577,1
7197,110,0.08246167159893296,1
11106,110,0.05720348805189133,1
36154,109,0.0749836900365462,1
37953,109,0.06357666966291743,6
7590,109,0.06009612116244955,3
14175,109,0.059029809378702704,2
38397,109,0.0505203264295508,8
40377,108,0.12682393672703593,1
17256,108,0.08092467386827425,1
25173,108,0.07833754112599073,1
48251,108,0.060991641478957956,2
26183,107,0.08047327308732773,1
24475,106,0.12760416351539908,2
36712,106,0.10099413484897253,1
19741,106,0.0646662664652433,5
28874,105,0.11498976917493911,1
43392,105,0.06906191664082663,1
34825,105,0.06577408349230177,2
16165,104,0.059120060302890264,4
8147,103,0.1369520553469079,1
40242,103,0.0766969695687294,2
8936,103,0.061258878884384936,2
22543,100,0.13319134309887887,1
36406,100,0.12075022183358669,1
6199,100,0.07395997017621994,3
30750,100,0.062433349080383775,3
27199,99,0.06989852617485355,4
7601,99,0.06532693887599791,4
40784,99,0.06244793406339607,7
32669,98,0.13508619105785477,1
7439,98,0.0694571448375984,1
315,98,0.06935590186289378,3
13365,98,0.06511427541928631,1
2155,97,0.08529069985157435,1
1474,97,0.06090380366622787,2
30002,96,0.07036413818908234,3
8764,96,0.06739585167573144,1
35789,96,0.06514606155299892,1
1405,96,0.06417738025387128,3
44921,96,0.05845185563278695,4
19385,96,0.05381431244313717,4
39612,95,0.08348796783309234,3
5186,95,0.06752779499480599,2
19268,95,0.06242677549782552,3
363,95,0.053966711932107024,9
44404,94,0.08814951202812348,2
48710,93,0.08000679550472126,1
27515,93,0.06655192543422023,2
25565,92,0.1549729729557167,1
3995,92,0.08663213633648727,1
29584,92,0.05825682672793451,3
13844,92,0.05017626317946807,12
43040,91,0.10421290989596765,1
39717,91,0.0757699986244296,6
8583,91,0.06757575777042044,3
23058,91,0.06369303768643966,3
19781,91,0.05886329071862357,5
39800,90,0.08268856704235077,1
5719,90,0.06908461567428377,3
43867,90,0.06380176933275329,5
21255,90,0.05762459428773986,8
6772,89,0.08182338131277749,1
13374,89,0.06894747996598147,4
12773,89,0.0686466848749793,1
82,89,0.05941429315658098,3
140,89,0.05521896808000093,9
23051,88,0.13220414019782434,1
29005,88,0.055990844118324196,5
24276,88,0.05442179231481119,4
29350,86,0.08116414423945338,2
11286,86,0.08034190899410913,2
25556,86,0.06975883002891096,1
8728,86,0.06096896251966787,7
35068,86,0.05481145279698594,3
13933,85,0.10264264218070927,2
27707,85,0.07059231654686086,1
13982,85,0.06664326567860211,2
27139,84,0.08506123553074542,1
36481,84,0.08274185950202602,3
26055,84,0.06872874684631824,1
36568,84,0.05957687885633537,7
27166,83,0.06677155771169317,3
42100,83,0.06063906009118241,2
23520,82,0.07084213751481801,3
33206,82,0.06097538714728704,3
30704,81,0.09769933937508384,3
40079,81,0.08520998902342937,1
42606,81,0.05781030664105474,4
18105,80,0.10196166047826409,2
19912,80,0.07230744091793895,1
10824,80,0.05886059189215302,6
27236,80,0.057773875445127486,6
3160,79,0.12614524119262455,1
14071,79,0.0937468941453137,1
18356,79,0.08893312693019456,1
48879,79,0.06978608969646165,1
28169,79,0.05452545982184289,6
17668,79,0.0527490170884736,9
41771,78,0.0696572252573111,4
43876,78,0.062324781448413163,3
42454,78,0.057805421929328867,5
33960,77,0.0842933456425543,2
4178,77,0.08280359276316383,1
47266,77,0.06442159375587067,4
2363,77,0.06155509651674853,5
13791,77,0.057868455524568436,2
11133,77,0.05684384684284012,1
35906,76,0.09278919734060764,1
442,76,0.07782923337072134,1
5871,76,0.0742358539841677,5
17826,76,0.07324116569208472,2
12526,76,0.06373801283342273,1
25271,76,0.06320653963637979,4
43271,75,0.09428622086842854,1
49045,75,0.06279037435849508,4
17131,75,0.05572457273801168,8
37065,74,0.08380065687202118,1
24795,74,0.07980382220970618,3
30429,74,0.0722953139527424,2
25326,74,0.07054839469492435,1
40147,74,0.06898905487882125,4
17793,74,0.06527746045911634,4
481,74,0.060508050729294084,6
46656,73,0.07020625400624864,3
31489,73,0.06377008781857686,1
35166,72,0.06593805292828216,3
38922,72,0.06367473997589615,4
26030,72,0.05790945877217584,7
19190,71,0.1688689150860612,1
30657,71,0.08117556404060042,3
10,71,0.0,22
15163,70,0.07830468389604772,3
35806,70,0.07068480231932231,4
41127,70,0.06921664785061564,3
25626,70,0.06628733734999384,4
13741,70,0.05073709264397621,6
2598,69,0.13813199389024058,1
23325,69,0.10432693032898764,1
18293,69,0.0930211632579997,1
40409,69,0.06668327387044395,2
12814,69,0.05856810207816138,3
48017,69,0.05372840495429177,4
26546,68,0.15444972645491362,1
2017,68,0.13041550386697054,1
14594,68,0.06508730143746909,4
48340,68,0.063416909207316,4
33556,68,0.061193352017332524,3
45965,68,0.056398586972671395,9
30008,67,0.09251128570802176,1
27195,67,0.086611696699662,4
33586,67,0.060518791315270895,2
17408,67,0.05940540546356742,6
40892,67,0.056888229811369484,7
48195,66,0.09530784703339591,2
19023,66,0.08320122945940855,1
49029,66,0.07151921319239067,3
33478,66,0.06200033561749892,4
41437,66,0.0563443996237986,4
9787,66,0.05526298888479218,2
10789,66,0.0528918191451918,10
24181,65,0.10471321075008466,1
5041,65,0.07421897047987351,3
32395,65,0.07212911809866245,1
44021,65,0.0661599080149944,4
25837,65,0.0624922065780713,5
10853,65,0.05836578842539054,2
22786,65,0.058009774409807646,7
48677,65,0.05459760358700386,8
13775,64,0.07044769142521545,1
40800,64,0.06444410316180438,5
8774,64,0.06161512911785394,3
46883,63,0.16745559812065156,1
35733,63,0.10613398029217644,1
46967,63,0.07923989447336348,3
12754,63,0.07766956765027273,1
3217,63,0.0689644247056946,2
47786,63,0.06126068467422137,6
31451,63,0.05939839425541106,6
17684,62,0.06667214331607665,4
33049,62,0.0641275771082409,7
33043,62,0.06158938216826608,4
4753,62,0.060088435728703773,1
23221,62,0.05734949631075705,8
21979,62,0.05559658379324021,6
14409,62,0.05513049770266779,10
4447,61,0.1274633313544461,4
38283,61,0.10124041677498427,1
6349,61,0.08469479671511494,3
37527,61,0.07499193461214909,3
6885,61,0.06040838592853703,4
9535,61,0.056633092279805515,6
34413,60,0.08554550781846046,1
24220,60,0.07600618513921896,2
17071,60,0.07593737219770749,4
13270,60,0.05124644686778387,8
10227,59,0.16465450816992985,1
44368,59,0.09396121815099555,2
17760,59,0.07172613969798815,4
45682,59,0.06933132205474174,1
23284,59,0.06919548401640634,3
40108,59,0.0653302158718392,5
38007,58,0.06957014149119115,3
46946,58,0.06187298881082699,6
6394,58,0.05775197788045324,4
35538,58,0.05654380888003727,6
29784,58,0.05544100907342187,8
23394,57,0.10515728743191351,2
7045,57,0.08677666673534795,1
3769,57,0.06890792785245076,4
9199,57,0.06813470849342514,3
45582,57,0.06661248540407733,4
30108,57,0.06124026001545421,4
34304,57,0.060163407014650214,1
48211,57,0.0576407623787721,7
21730,56,0.06303715532911676,1
14722,56,0.059385956664170535,7
43812,56,0.059219549276999066,5
20126,55,0.07774320556358857,3
17272,55,0.07390409369360317,1
13736,55,0.0734336103905331,4
15791,55,0.07283368787982247,1
9649,55,0.06595209064808759,5
1580,55,0.056346750530329615,7
23271,55,0.05549417625774037,7
39479,54,0.12711842565072906,1
25750,54,0.10872832464951056,1
6383,54,0.09773485528098212,3
24702,54,0.061643865787320666,6
29749,54,0.06110262318893715,4
986,54,0.06065376585832349,2
41142,54,0.059098770221074425,4
8438,54,0.05763996599449052,7
25930,54,0.0548273159397973,4
37122,53,0.09593427532686377,3
48153,53,0.07164792730560843,2
46508,53,0.06805961937555727,1
4764,53,0.06415447016369621,6
2639,53,0.06068055078668414,2
31673,53,0.05627315547668709,4
12664,53,0.055911015789463836,1
47872,53,0.05107344869735106,8
21410,52,0.0970108423811885,3
33734,52,0.07602469092951371,3
47750,52,0.07093659666581796,3
35378,52,0.06753179302009252,5
3093,52,0.06532834914441292,4
9284,52,0.06461855274840043,5
1182,52,0.05723977260864698,2
35738,52,0.05387851667518799,8
14759,52,0.0498232372964804,7
47898,51,0.09726046770811081,4
29855,51,0.08967293185346267,3
39013,51,0.08938992067294962,3
19798,51,0.0888246693739704,4
47321,51,0.0792272312968385,2
9362,51,0.07624158416600789,2
596,51,0.07498329410365984,1
19923,51,0.07178600088638418,2
1978,51,0.06189747286193511,4
1292,51,0.06145002079360625,2
38650,51,0.05844247443418877,8
8258,51,0.056055834334270624,6
2943,50,0.15637803211808204,2
15752,50,0.1131248751282692,2
15550,50,0.10651649057865142,2
41050,50,0.06943784669041633,2
29030,49,0.09535728394985199,2
22521,49,0.08901285775461976,2
41823,49,0.086364639808937,2
9950,49,0.07744147567724695,2
24715,49,0.07250542550974963,2
48269,49,0.06772001711081485,5
22657,49,0.0652033233520936,6
14920,49,0.06371391549402354,1
5072,49,0.057587526738643646,7
32466,49,0.053809897023804336,8
15513,48,0.13578322467704615,1
36758,48,0.08932433417066932,1
48949,48,0.0771629389685889,2
8610,48,0.07553115161135793,5
3417,48,0.07315589503074686,4
37027,48,0.07200332086843748,3
14765,48,0.066468787069122,1
39781,48,0.059198030813907586,4
2974,48,0.05745421846707662,10
20730,48,0.05582696393442651,6
40851,48,0.04890781066690882,10
620,47,0.1483617602510655,1
35082,47,0.09350450685683717,3
42348,47,0.06804260342045033,1
45167,47,0.06787228806221739,1
28010,47,0.06555581409880455,2
40448,47,0.06351211936549937,4
23753,47,0.06086568185623656,5
14163,46,0.10894861776867638,1
47484,46,0.09210455109891684,2
27674,46,0.08154600065039552,2
35217,46,0.0773366242647171,3
42374,46,0.07602829162193381,1
15951,46,0.06903575020639793,5
38019,46,0.06651826721170674,5
31524,46,0.06128883378013321,2
45887,46,0.0609554685652256,7
5585,46,0.057660846444575684,8
34365,46,0.05454934712337411,5
34595,46,0.0510096315132535,6
13246,46,0.0505775960729174,10
1226,45,0.09470846553643544,1
45297,45,0.07964559843142828,1
10214,45,0.07954573233922323,4
46956,45,0.07747540242142148,2
30847,45,0.07149658583932453,1
42497,45,0.0681973090602292,1
9749,45,0.0635998564461867,3
40875,45,0.058437784264485045,7
5138,45,0.05462160300877359,6
20061,44,0.09852207214994864,4
11418,44,0.08140479095957497,4
8360,44,0.080342473462224,2
40435,44,0.068117358637127,6
35309,44,0.062171723270280796,7
2729,44,0.05911234139718793,5
15279,43,0.09141839858750965,3
25498,43,0.08937127714933352,6
39154,43,0.08357121154319408,1
38137,43,0.07899989031775054,1
18579,43,0.07416915841573893,1
35663,43,0.07319828140181164,4
18075,43,0.0680213600916918,6
47832,43,0.06133515387773514,7
34431,43,0.061009001160083814,7
5222,43,0.059231056117041166,6
33777,43,0.05167701753766038,12
25622,42,0.07679856337961696,2
1376,42,0.07268347999169714,1
11339,42,0.06628500971765745,2
2673,42,0.06272803477588154,6
6529,42,0.06220540404319763,2
18385,42,0.06189471163919994,5
25167,42,0.05978934910325777,5
28799,42,0.057020071893930435,4
39637,42,0.05491272200431142,11
29050,42,0.05383889616600105,9
38325,41,0.08521161192074055,2
41435,41,0.0710307174339527,1
20237,41,0.06574855090641393,1
34452,41,0.05899151414632797,5
4994,41,0.05859777058770017,7
10802,41,0.05793493858924726,6
26935,41,0.053008457872925734,8
10195,41,0.04911146340210263,10
29951,40,0.07680406421422958,4
8515,40,0.07678728178143501,4
48951,40,0.07518366426229477,2
45550,40,0.0692406096495688,5
42966,40,0.06777955489233137,2
4225,40,0.06410988084971905,2
32995,40,0.06232460495084524,2
48126,40,0.06221849014982581,7
15797,40,0.05392442056909204,1
27412,40,0.05155289433896541,10
30291,40,0.051519560255110265,6
9915,39,0.07555694037523025,3
23500,39,0.07345626942622356,3
37121,39,0.0691082076384471,4
844,39,0.06817562343218388,6
9597,39,0.0676063006887069,3
33516,39,0.06523959138072453,6
7753,39,0.06489830082043624,1
44406,39,0.0628250403664051,2
11544,39,0.06203991957964041,4
40529,39,0.06098766729999811,5
31745,39,0.05824786023451732,3
18655,38,0.07525017798731201,2
13846,38,0.0682821208120961,1
1044,38,0.061234253605729656,3
41836,38,0.05991992677905058,4
29167,38,0.05963197428929178,7
28301,38,0.05743884020730069,10
14671,38,0.05557602879248167,7
12426,38,0.053991154424454034,5
38254,38,0.053325291723012924,9
27666,37,0.11113415940387829,1
11258,37,0.1002201301020545,5
34906,37,0.09333529142109123,4
23032,37,0.09024891750635328,2
32654,37,0.08701032057807252,5
5765,37,0.07729479207380398,1
24643,37,0.0686899767936887,7
16790,37,0.06309715618152877,4
23856,37,0.0623387537292532,2
20368,37,0.056171589203782984,3
32285,37,0.05587501179527592,4
36753,37,0.05554756965186145,9
32340,37,0.05490822586658839,12
239,36,0.07994338352647093,3
32210,36,0.06750120967626572,5
7809,36,0.06581380032002926,5
33235,36,0.06394911143514845,4
32525,36,0.06339673511683941,9
45161,36,0.06093568458325333,1
29843,36,0.060153502970933914,1
21606,36,0.059232758772042066,9
16567,36,0.055104517895314425,9
5621,36,0.05377985785404841,13
11,36,0.0,19
3689,35,0.07519031997237886,5
31407,35,0.07092549896665983,2
33203,35,0.07078883796930313,1
30010,35,0.06387482157775334,2
37675,35,0.06157852688005992,4
44065,35,0.05986764154263905,7
19256,35,0.056911303315843854,4
927,35,0.05567821881600789,7
13132,35,0.05488738311188562,4
36373,34,0.0806532245786751,4
18143,34,0.07446108977584277,6
37269,34,0.07287561586674522,4
4210,34,0.0721040591597557,3
22642,34,0.061120863565627265,2
46944,34,0.057564674712279267,2
48883,34,0.05289295019910616,11
42778,34,0.05164886046858395,12
8635,34,0.051152059479671365,13
30660,34,0.048915344126084274,7
889,33,0.07787115273602081,3
38788,33,0.06445595576907649,8
28547,33,0.06023682360396241,1
28891,33,0.05959447699062752,8
41597,33,0.05942663211714138,3
44115,33,0.05836944394942486,7
34759,33,0.057843543137564804,4
33406,32,0.08460184186697006,2
15424,32,0.07249396573752165,2
38546,32,0.06963655794970691,5
23388,32,0.06887192442081869,4
30064,32,0.06620308849960566,5
39489,32,0.06383172038476914,7
19921,32,0.06046739814337343,4
42438,32,0.05510798282921314,11
6536,32,0.05458654882386327,7
9483,32,0.05455701844766736,6
37700,31,0.10180380363618174,1
28223,31,0.08722149400461104,2
11763,31,0.08157154557205015,1
42370,31,0.07883862285844741,2
3197,31,0.07686890841972444,5
40807,31,0.07442851761175741,5
10820,31,0.06999202517251815,2
9940,31,0.06104293838143349,5
20056,31,0.0608223563721103,6
4650,31,0.05708565514895224,8
25505,31,0.05661557614803314,9
39271,31,0.055622284450838645,6
37606,31,0.05392634676348779,8
560,31,0.05313899776627941,13
30907,31,0.05299303872931388,11
11240,31,0.05154778543979891,8
46346,31,0.04876038480189539,14
3282,30,0.08120908538500468,3
6559,30,0.07409829373160998,3
18316,30,0.07396670753757159,2
14706,30,0.07322656512260436,1
20225,30,0.06832223758101463,7
46612,30,0.06070865492026011,9
23990,30,0.05997124997278055,4
19488,30,0.059166841705640155,2
47730,30,0.05755937484403451,8
38044,30,0.05668467121819655,4
23695,30,0.05654330452283223,7
35142,30,0.05632345850269,7
10739,30,0.054968889554341635,7
19557,30,0.05135198459029198,10
9965,30,0.05131555870175362,10
43152,30,0.04988911896944046,13
11460,29,0.10466703746853204,2
27265,29,0.07673485782639734,2
26448,29,0.07393824797252128,1
32145,29,0.06931775088967948,2
25872,29,0.06880834210535576,4
44845,29,0.06839234124997566,2
32840,29,0.06379198013194676,7
31925,29,0.06175371182375941,10
29797,29,0.05788631197707406,5
25273,29,0.051982815923361944,8
2554,29,0.04846762968548413,9
14826,28,0.09443292700286422,1
41649,28,0.08852719222860676,4
34706,28,0.07755628840199538,5
9738,28,0.07648297399282455,4
26248,28,0.0749694166172828,5
20627,28,0.07438384581889425,4
43428,28,0.07389485064361777,3
29835,28,0.06843081023544073,5
14133,28,0.06551447830029897,3
36265,28,0.06333799088107687,4
46077,28,0.061936662665435245,7
4818,28,0.0601016849811588,5
29069,28,0.05768490715750626,8
2715,28,0.05721802663590227,9
5053,28,0.054151615127921104,5
39873,28,0.053363575733133724,11
17244,28,0.05251628652747188,7
37899,28,0.05231142536337886,13
8672,27,0.09409744099334434,1
35700,27,0.0786556676030159,5
8684,27,0.07374067135431149,6
8910,27,0.06656624763100236,6
42901,27,0.06186856357035814,5
29366,27,0.05947607879837354,7
47737,27,0.05906319121519724,6
16480,27,0.05803691457819055,5
37162,27,0.05768649776776632,7
11476,27,0.05686837351984448,6
14230,27,0.05544921852372311,11
39680,27,0.05305872071120474,9
30974,27,0.05282721364939654,9
38716,27,0.051396722318949525,13
17273,27,0.04953032387075601,11
34042,26,0.10355607635126664,1
23080,26,0.08516059472010686,1
38142,26,0.0810618124042566,4
6548,26,0.0739644209925945,2
3303,26,0.07092859825262657,1
21557,26,0.06967370598935164,4
5081,26,0.06940746823182473,4
6450,26,0.0609651984503636,4
39227,26,0.05693641505562342,8
34202,26,0.05654109641909599,7
14928,26,0.05550143065360876,10
12934,26,0.055037627999599166,8
12391,25,0.07563643902540207,1
39979,25,0.07403538703918457,3
23313,25,0.06894803136587142,1
45777,25,0.06740150779485703,5
2930,25,0.06479984477162361,3
36447,25,0.062318889200687407,6
39832,25,0.06057554751634598,7
30074,25,0.06026361927390098,8
29990,25,0.0568049955368042,7
23789,25,0.05674613922834396,8
1224,25,0.05038718968629837,12
24817,25,0.0489508718252182,17
29115,24,0.09028697572648525,2
8474,24,0.07203754720588525,6
28320,24,0.06786083430051804,1
24227,24,0.0674324791568021,5
9416,24,0.06581365969032049,3
48944,24,0.06463533888260524,7
5775,24,0.06340294191613793,9
28393,24,0.06165794593592485,4
46936,24,0.06134957276905576,8
21344,24,0.06093474943190813,12
38214,24,0.06030587976177534,5
3953,24,0.05995962799837192,8
31536,24,0.05978499725461006,3
48548,24,0.058967530727386475,4
24038,24,0.057202507431308426,9
4306,24,0.055140777646253504,7
88,24,0.051654232355455555,9
16037,24,0.04903660217920939,14
37969,23,0.07781587217165076,2
9819,23,0.07672770548125972,6
32486,23,0.06808765216366104,8
25086,23,0.06688825397387795,5
36139,23,0.06540966033935547,2
41682,23,0.06362042284530142,4
35036,23,0.06186601066071054,9
44029,23,0.060679693260918495,8
3309,23,0.05952613509219626,7
48765,23,0.05775289091727008,6
42280,23,0.057699454543383225,6
3644,23,0.05721421410208163,3
23585,23,0.05582777896653051,7
14896,23,0.05570345355764679,9
48328,23,0.05461369471057602,8
41009,23,0.050236982819826706,13
44070,23,0.049190011685309204,11
18045,22,0.06915631314570253,6
28933,22,0.06809290329163725,5
43998,22,0.060235473242673004,6
14104,22,0.059082715179432525,4
45548,22,0.05873403359543194,5
43559,22,0.057041454552249474,7
27753,22,0.05580896918069233,11
46832,22,0.05572446503422477,10
23806,22,0.055448836562308396,8
15478,22,0.05501911585981196,7
22629,22,0.0540808689865199,8
47459,22,0.051620513878085396,11
42974,22,0.05092739415439693,7
14250,21,0.0813801937869617,1
16814,21,0.07263018687566121,5
40149,21,0.0675123447463626,5
46281,21,0.06693467320430846,1
26712,21,0.06591314432166871,2
45136,21,0.06552042067050934,6
34295,21,0.06443534312503678,7
32949,21,0.06165323761247453,3
36682,21,0.06011787695544107,11
32676,21,0.057979611768609,5
13498,21,0.057230343421300255,10
40091,21,0.05561614107517969,7
46754,21,0.05332266965082714,7
15243,21,0.05006281002646401,10
38408,21,0.04340430118498348,19
2755,20,0.08197045885026455,7
15056,20,0.07678483016788959,4
3787,20,0.07672196663916112,3
30380,20,0.06828678958117962,4
18262,20,0.0649971030652523,4
38511,20,0.06162346508353948,7
41702,20,0.058993032574653624,10
23283,20,0.057819190062582494,8
39068,20,0.05769863110035658,2
1432,20,0.057040729001164435,5
34062,20,0.056417211517691614,14
12233,20,0.05621373727917671,10
38966,20,0.05609090775251389,5
17347,20,0.05601605735719204,11
11369,20,0.05344572775065899,9
26774,20,0.05027761161327362,15
9823,20,0.0459575280547142,14
5827,19,0.07832597313742888,5
48552,19,0.0779281391909248,3
1618,19,0.07491387191571687,3
24682,19,0.07040402802981828,2
38773,19,0.0662456262660654,7
11997,19,0.06571395499141593,3
42581,19,0.06291725604157698,7
22380,19,0.062463468430857906,6
42585,19,0.05932773630085744,11
14061,19,0.05930639450487338,3
30739,19,0.058614932000637054,3
16847,19,0.057245621947865734,11
32744,19,0.056510149060111294,6
29911,19,0.05525593734101245,6
37928,19,0.05111142718478253,9
1613,19,0.04819547110482266,14
5056,18,0.06300144311454561,4
22319,18,0.061985231935977936,2
27355,18,0.06195183843374252,5
8920,18,0.061933098981777825,6
14427,18,0.06189356123407682,3
14418,18,0.06144742419322332,3
34574,18,0.06049736051095857,5
20040,18,0.06044433224532339,3
18903,18,0.05939472715059916,2
23365,18,0.05669057493408521,8
47636,18,0.0539645291864872,11
42044,18,0.05248540432916747,13
32905,18,0.05247704891694917,9
13879,18,0.052156772878434926,10
3474,18,0.051111511472198695,10
38534,18,0.04719929893811544,8
29939,17,0.08483932189205114,2
19623,17,0.08076742598239113,2
1073,17,0.06700410409008756,5
41995,17,0.06540555463117712,4
45671,17,0.06292173617026385,6
28926,17,0.062257629107026494,7
37888,17,0.06157521289937636,1
33329,17,0.059803915812688714,9
29082,17,0.05932134324136902,4
43452,17,0.05753895465065451,7
38490,17,0.05744046301526182,9
21905,17,0.05709983452278025,11
7662,17,0.05609248162192457,6
37925,17,0.05475790360394646,14
25293,17,0.054251037538051605,6
11975,17,0.05279747747323092,13
23475,17,0.04849869494929033,14
1609,16,0.08015558635815978,3
1596,16,0.0726186039391905,3
174,16,0.06680308701470494,3
47643,16,0.0667296345345676,4
12076,16,0.06476897466927767,7
17861,16,0.06309774704277515,3
38849,16,0.05887564783915877,9
26048,16,0.05786385666579008,7
49105,16,0.05722935916855931,12
28565,16,0.056560381315648556,10
6002,16,0.05618010926991701,11
1063,16,0.05545255751349032,7
6512,16,0.05412165052257478,15
26622,16,0.05379887646995485,8
44231,16,0.05372173432260752,11
41659,16,0.051734721986576915,10
40479,16,0.049879978876560926,10
22140,16,0.049480012618005276,12
37279,16,0.047531527699902654,15
12,16,0.0,19
39012,15,0.07851589570442835,3
23371,15,0.07411421239376068,7
47404,15,0.07334821770588557,4
2922,15,0.0717322086294492,3
11052,15,0.0655520831545194,3
4052,15,0.06531990766525268,2
2702,15,0.06470876981814702,9
9361,15,0.06414829542239507,5
41048,15,0.0639772097269694,4
14891,15,0.06183489412069321,5
10168,15,0.060389891763528186,4
43638,15,0.059980401893456776,8
24965,15,0.057693335910638174,6
44177,15,0.05741872787475586,8
17790,15,0.057269146541754405,11
34850,15,0.056231934825579324,11
46628,15,0.05615968058506648,7
14737,15,0.055587956309318544,14
42989,15,0.055010400464137396,12
6061,15,0.05415166492263476,14
10310,15,0.05278694182634354,10
5465,15,0.052658828099568684,18
30261,15,0.0511510357260704,9
45277,15,0.049521654347578686,19
44228,15,0.04946871946255366,16
18319,15,0.04894319921731949,15
12527,15,0.04480757266283035,11
34893,14,0.08140682801604271,5
31955,14,0.0715369318744966,7
8711,14,0.07083716695862156,9
12861,14,0.06892348213919572,6
1407,14,0.06867403803127152,5
15745,14,0.06730707309075765,6
39439,14,0.0645554353083883,5
46108,14,0.06305218168667384,8
698,14,0.06032995613557952,10
6795,14,0.0602735664163317,5
13680,14,0.05925901952598776,4
9353,14,0.059164228716066906,8
33652,14,0.0588000336928027,14
1004,14,0.058728061616420746,9
9396,14,0.05863826881561961,7
12600,14,0.058624397963285446,7
29385,14,0.05801904574036598,12
22946,14,0.05793198091643197,7
23776,14,0.05784903360264642,10
11211,14,0.056344754727823396,10
35063,14,0.055214891742382734,10
21817,14,0.05511517822742462,9
217,14,0.05347054185611861,14
37504,14,0.05259488097258976,18
15174,14,0.05193720119340079,14
2248,14,0.05164937488734722,18
18137,14,0.05152502283453941,11
32358,14,0.051092268100806644,11
46611,14,0.050865023263863156,17
2020,14,0.05019544543964522,10
36740,14,0.04985467131648745,19
14,14,0.04724188734378133,4
20034,13,0.08148661685677674,1
10185,13,0.06915482592124206,6
16383,13,0.06914851126762536,3
20121,13,0.0672224132487407,5
36356,13,0.06655986377826104,5
9602,13,0.06494547627293147,9
46788,13,0.06416768809923759,4
21206,13,0.0619128317787097,5
2537,13,0.06071248707863001,9
764,13,0.06048468156502797,9
1607,13,0.06019619508431508,6
9766,13,0.05864543123887135,11
37177,13,0.05795507820752951,8
42470,13,0.05770728192650355,11
16912,13,0.05693992284628061,8
5132,13,0.056729284616617054,11
46075,13,0.056599014080487765,9
21781,13,0.05561233369203714,13
42444,13,0.05518431445726982,11
8224,13,0.05488552038486187,13
27362,13,0.05425599561287807,10
3766,13,0.05302784964442253,18
22088,13,0.05266888296374908,10
23963,13,0.0512825445486949,20
48005,13,0.04936918014517197,16
13170,12,0.07350274610022704,3
37893,12,0.07008195047577222,3
15872,12,0.06941086488465469,5
1490,12,0.06085966341197491,12
10941,12,0.06081133894622326,8
48489,12,0.05956726583341757,11
37763,12,0.05929079093039036,7
2960,12,0.057364593570431076,10
5777,12,0.05688007144878308,12
26271,12,0.05668745251993338,7
46991,12,0.05620851988593737,4
39669,12,0.055337417560319103,15
27738,12,0.05391260174413522,10
27120,12,0.05360537860542536,9
29683,12,0.05355777591466904,12
29795,12,0.05353370836625496,10
26874,12,0.05340031782786051,17
7418,12,0.052791777998209,12
41605,12,0.04969733456770579,17
41958,12,0.04880906827747822,12
46747,12,0.04855880575875441,14
8506,11,0.08375550467859615,1
29624,11,0.08343610032038255,1
33510,11,0.07901475036686118,5
34193,11,0.07402368601072919,4
45484,11,0.07221461832523346,3
15875,11,0.07005750252441927,5
21098,11,0.06712212413549423,4
46309,11,0.06374814835461703,5
41460,11,0.06255409460176121,7
22605,11,0.06223339316519824,10
25599,11,0.060571413825858726,5
8769,11,0.06040439957922155,6
29913,11,0.059996021064845,3
45792,11,0.05950085717168721,13
46409,11,0.05904679948633367,11
29945,11,0.05834169821305708,9
35856,11,0.0561953220855106,10
24621,11,0.05490915138613094,13
28564,11,0.054091601209207016,13
3276,11,0.053562755611809815,9
5963,11,0.053044300865043297,11
8632,11,0.05250445414673199,9
3140,11,0.05226680297743191,14
11252,11,0.05203531614758752,16
27205,11,0.051446564834226265,14
40172,11,0.05079692602157593,13
10034,11,0.0506847199391235,19
33098,11,0.049850562418049034,17
40593,11,0.04728016900745305,19
6286,11,0.04498556053096598,16
40343,10,0.10099478736519814,1
18953,10,0.08200042359530926,2
25352,10,0.07958460226655006,2
21666,10,0.07925889827311039,1
32685,10,0.07918060570955276,1
43140,10,0.0714413158595562,5
33529,10,0.06887640133500099,3
2643,10,0.0677344635128975,2
28906,10,0.062429258972406386,12
13056,10,0.062044741585850716,8
32254,10,0.06131998971104622,7
35828,10,0.06092330627143383,8
40492,10,0.060014371573925016,9
1346,10,0.05999210141599178,3
13704,10,0.059902267158031465,5
41690,10,0.05922444686293602,9
14999,10,0.05873528048396111,7
21423,10,0.05867662876844406,11
35899,10,0.058167369663715364,6
4518,10,0.058097397163510325,10
26580,10,0.05768041871488094,14
21327,10,0.05761277750134468,6
28345,10,0.05512767732143402,13
22264,10,0.054977037757635114,8
1353,10,0.05487210974097252,9
6785,10,0.05434541143476963,7
22999,10,0.05433496348559856,11
11498,10,0.054051417857408524,10
10013,10,0.05275149941444397,13
37243,10,0.05208064317703247,13
15960,10,0.05192844197154045,13
44286,10,0.05141721069812775,11
18210,10,0.05054161921143532,14
13183,10,0.05011513978242874,10
14026,10,0.050024373829364775,17
28972,10,0.04934550747275353,21
29300,10,0.04916843995451927,18
39475,10,0.04671418070793152,16
29391,10,0.046691405773162845,18
32527,10,0.045880374312400815,22
13,10,0.0,19
43999,9,0.083392852710353,2
31169,9,0.0797392792171902,5
9355,9,0.07415926125314501,5
18008,9,0.07264136357439889,5
21593,9,0.07223516868220435,4
14883,9,0.06800623569223616,2
30984,9,0.06668383214208815,9
26599,9,0.06552930507395002,8
39335,9,0.06509649588002099,6
19562,9,0.06401015983687507,10
12745,9,0.06323233743508656,10
37305,9,0.06304014888074663,10
36296,9,0.05836824576059977,11
46662,9,0.05818870084153281,14
25943,9,0.05804521590471268,7
2973,9,0.05719887796375486,11
47804,9,0.05711276498105791,7
44726,9,0.05669104142321481,11
7838,9,0.056266731686062284,12
6438,9,0.056172889553838305,12
46455,9,0.055673336817158595,14
26147,9,0.05556891693009271,8
4794,9,0.05542571842670441,15
30065,9,0.05417564511299133,9
34836,9,0.054108119673199125,14
33753,9,0.05399298585123486,10
13337,9,0.053490990979803935,9
23809,9,0.05328656236330668,13
41491,9,0.05302049757705794,10
46819,9,0.05293974114788903,16
33055,9,0.052220524185233645,11
7808,9,0.051317827569113836,20
5948,9,0.051005190859238304,14
4462,9,0.050688772565788694,15
7781,9,0.05006339566575156,14
34977,9,0.049874273439248405,14
21712,9,0.04879968033896552,20
22569,9,0.048708565119240016,13
38064,9,0.04782823224862417,14
20067,9,0.047616740895642176,18
6305,9,0.04698264184925291,18
41586,8,0.0894677983596921,1
15655,8,0.08936708513647318,6
15347,8,0.08462691586464643,3
29903,8,0.08415752556174994,1
32831,8,0.08068127185106277,6
46452,8,0.08061338774859905,1
16213,8,0.07241419050842524,4
42785,8,0.07086397614330053,1
9075,8,0.06976144202053547,11
23653,8,0.06715738587081432,6
21193,8,0.06642900314182043,5
14185,8,0.06553576420992613,11
7718,8,0.06465991213917732,11
9752,8,0.06461708480492234,4
13578,8,0.0639214776456356,5
20541,8,0.06381741166114807,7
10928,8,0.06355359591543674,10
14633,8,0.06331638246774673,6
4206,8,0.06280640885233879,10
6385,8,0.06129708234220743,11
4731,8,0.06112562399357557,8
43219,8,0.06101278681308031,4
6572,8,0.06026265490800142,8
699,8,0.0589211517944932,11
1887,8,0.05889352969825268,10
24024,8,0.0585375614464283,13
6073,8,0.05837615579366684,6
3384,8,0.05725423153489828,9
3909,8,0.0566874616779387,13
10662,8,0.056527321226894855,14
44823,8,0.05541224870830774,18
1316,8,0.05532073229551315,14
24535,8,0.05517643736675382,17
36776,8,0.05517076514661312,15
34898,8,0.054555837996304035,12
33232,8,0.05334119591861963,9
14591,8,0.05332800094038248,14
25075,8,0.0527839632704854,9
38784,8,0.052609700709581375,10
2562,8,0.052118901163339615,17
25838,8,0.051755206659436226,14
27251,8,0.051341583020985126,12
16853,8,0.05112549755722284,12
31028,8,0.050850138533860445,11
24612,8,0.05072618089616299,11
30933,8,0.05018728133291006,13
8547,8,0.050176206044852734,16
16948,8,0.0495340209454298,20
39932,8,0.049515949096530676,12
34770,8,0.04850583337247372,17
31533,8,0.04835665039718151,23
46893,8,0.046837104484438896,13
13036,8,0.045868558809161186,17
35338,7,0.0901605955192021,3
18229,7,0.08584697118827275,3
35178,7,0.08161913709981101,2
18956,7,0.07882580320749964,3
10540,7,0.07751817894833428,7
16844,7,0.07622982774462018,1
5940,7,0.07304406485387258,9
35296,7,0.0692876758319991,6
43262,7,0.06823824346065521,5
44669,7,0.06761356868914195,5
13007,7,0.06560088800532478,11
41209,7,0.06535277249557632,13
48178,7,0.06460477837494441,8
35237,7,0.06264862205301013,10
38174,7,0.062474111361163,8
31571,7,0.06206302344799042,12
18049,7,0.06138500890561512,9
13913,7,0.06133803618805749,5
45623,7,0.061120253056287766,4
42365,7,0.06099385768175125,11
3021,7,0.060934452073914666,12
40201,7,0.06080918652670724,12
6146,7,0.05968456183161054,14
12310,7,0.05879474537713187,6
2214,7,0.05874603773866381,13
15795,7,0.058622020695890696,6
5026,7,0.05835492802517755,9
46889,7,0.057849305016653876,12
34050,7,0.05782613264662879,11
18883,7,0.057450943759509494,9
37587,7,0.05709260702133179,18
43462,7,0.05693054624966213,7
46408,7,0.05594717391899654,11
22987,7,0.05565831916672843,13
21164,7,0.055657963667597087,16
39831,7,0.05560585856437683,15
48738,7,0.055487100567136495,13
24665,7,0.05371877444641931,14
18339,7,0.053463279136589596,15
9102,7,0.053014983023915975,20
31393,7,0.052865451467888694,15
40804,7,0.05280262391482081,13
28996,7,0.052246395498514175,18
28499,7,0.052130027541092465,13
16334,7,0.05204991464103971,16
26922,7,0.05201571860483715,17
45581,7,0.05149185551064355,13
40562,7,0.051202937960624695,11
31471,7,0.05082043792520251,17
23769,7,0.05055684702736991,16
24710,7,0.04997748988015311,20
44988,7,0.049160827483449666,10
48253,7,0.04808961174317768,16
19964,7,0.04808342403599194,17
4606,7,0.0475028684096677,19
43214,7,0.04645788243838719,16
7910,7,0.04509953409433365,19
8176,6,0.13491620123386383,1
45869,6,0.08553625891606013,3
22767,6,0.0827993160734574,2
34930,6,0.08033670112490654,8
44950,6,0.0798616533478101,2
11269,6,0.07347752898931503,7
21850,6,0.0711715289702018,7
21202,6,0.06994853044549625,3
701,6,0.06833899766206741,6
47350,6,0.06704713900883992,8
18788,6,0.06590065111716588,5
27728,6,0.06544147804379463,10
17180,6,0.06498655925194423,7
40567,6,0.06458551188309987,12
47094,6,0.0641569762180249,10
27935,6,0.06397950649261475,11
22315,6,0.0631837360560894,15
39911,6,0.06227678433060646,7
36839,6,0.061536344389120735,8
41957,6,0.061046965420246124,8
19848,6,0.059975460171699524,11
14772,6,0.05988475183645884,11
3557,6,0.059519741063316665,12
10353,6,0.059283530339598656,15
36202,6,0.05870607619484266,13
7239,6,0.05824154863754908,10
457,6,0.05813504382967949,11
12265,6,0.05774335935711861,9
25638,6,0.05723158766825994,11
29364,6,0.05638183777530988,11
19731,6,0.055879913891355194,15
45046,6,0.05534381295243899,18
38501,6,0.05532842377821604,12
2796,6,0.05512413692971071,12
13788,6,0.054617732763290405,15
916,6,0.05435572440425555,10
20615,6,0.05430927003423373,18
22352,6,0.05422478790084521,11
8435,6,0.0538531964023908,7
2318,6,0.05347913627823194,9
21923,6,0.053329398234685264,15
13868,6,0.05332262938221296,17
3446,6,0.052749202897151314,18
31279,6,0.051911363999048867,16
7915,6,0.05188916934033235,15
47027,6,0.05181624243656794,19
1947,6,0.051758067682385445,14
13076,6,0.05171182379126549,14
5874,6,0.05165887003143629,18
33006,6,0.05162703121701876,18
20064,6,0.051608141511678696,12
35537,6,0.051568335543076195,17
6088,6,0.05139060690999031,16
5404,6,0.0510847307741642,13
14698,6,0.05095493917663892,17
2982,6,0.050846182430783905,14
21902,6,0.050686873495578766,18
16469,6,0.050255369395017624,14
23908,6,0.04913603514432907,21
37099,6,0.04911363869905472,12
43093,6,0.048929267873366676,15
36342,6,0.04870922490954399,18
13469,6,0.0484159824748834,20
36900,6,0.04818335920572281,23
29833,6,0.04808324327071508,18
20316,6,0.04691200082500776,19
8251,6,0.04644016300638517,21
3102,6,0.045152660459280014,22
29908,6,0.045089732855558395,20
3215,6,0.04423848415414492,17
23987,6,0.04412365208069483,16
43172,6,0.04209814717372259,23
44088,5,0.1495297372341156,1
25647,5,0.1170302875339985,1
41108,5,0.09521321803331376,5
20014,5,0.0946315124630928,3
14437,5,0.0847285695374012,4
39262,5,0.08240416795015335,2
17072,5,0.07842777222394944,4
33511,5,0.0764048382639885,2
39750,5,0.07574223577976227,10
48366,5,0.07561052888631821,11
21424,5,0.07483628392219543,7
16444,5,0.0721324622631073,2
33977,5,0.069805546104908,6
44807,5,0.0686701625585556,12
40749,5,0.06832904517650604,4
26077,5,0.06739316731691361,14
37102,5,0.06543598622083664,9
35546,5,0.0653784841299057,7
47406,5,0.06370409429073334,4
10623,5,0.06327918767929078,11
11424,5,0.0631604753434658,9
45198,5,0.062398853898048404,8
48847,5,0.06213494837284088,12
27553,5,0.0613257922232151,9
18226,5,0.06093212217092514,15
47341,5,0.06074190959334373,11
45139,5,0.060503225028514865,13
14912,5,0.06047212183475494,10
6392,5,0.06011783480644226,14
10163,5,0.06008530482649803,10
20575,5,0.05968169718980789,13
37330,5,0.059601794183254245,13
11780,5,0.05874961167573929,8
18531,5,0.05858112722635269,12
8758,5,0.05779509246349335,10
45894,5,0.057682834565639496,15
26278,5,0.05722975730895996,13
8039,5,0.05675839334726333,18
16793,5,0.05664094686508179,12
25135,5,0.05644852519035339,12
32120,5,0.05614127963781357,11
41779,5,0.055283769965171814,10
15071,5,0.05514703541994095,17
16087,5,0.05503793656826019,11
25941,5,0.055000677704811096,10
4885,5,0.05487387627363205,16
24246,5,0.054807691276073454,12
19396,5,0.05413224697113037,16
20052,5,0.05394096076488495,17
23738,5,0.05392898321151733,16
30160,5,0.05352822840213776,15
4965,5,0.05343305319547653,14
9054,5,0.05313455760478973,10
30106,5,0.053130578994750974,12
20810,5,0.05305816978216171,15
29294,5,0.05299035832285881,14
21405,5,0.05297747254371643,16
36546,5,0.05183674544095993,17
16276,5,0.051394124329090116,18
17842,5,0.05106441602110863,21
35232,5,0.05098381936550141,18
15471,5,0.0506747379899025,17
29004,5,0.05060679018497467,22
47777,5,0.05055229514837265,14
30568,5,0.050544950366020205,17
28946,5,0.050434865057468414,19
17706,5,0.050001613795757294,21
15475,5,0.04905905425548553,16
8777,5,0.04893872290849686,15
38572,5,0.04877021387219429,21
12401,5,0.04818330556154251,18
12665,5,0.0478914201259613,24
46293,5,0.04779665768146515,15
19533,5,0.04767321050167084,18
40719,5,0.04757654070854187,19
16429,5,0.047378862649202345,12
2515,5,0.04735672622919083,18
15140,5,0.0469624325633049,23
40552,5,0.04677760228514671,19
35948,5,0.04663531482219696,15
21859,5,0.0440424382686615,27
42420,4,0.15295343473553658,3
38749,4,0.09580235183238983,3
41349,4,0.07884881272912025,1
10479,4,0.07258815411478281,10
4566,4,0.07216970156878233,2
2491,4,0.07043373491615057,3
33311,4,0.06770045682787895,15
18416,4,0.06645049154758453,8
3418,4,0.06491804216057062,14
19882,4,0.06361470744013786,15
24256,4,0.06329022534191608,8
21321,4,0.06308236718177795,11
29511,4,0.06305542960762978,10
20050,4,0.06265478022396564,9
7178,4,0.06195548549294472,8
15403,4,0.06155305076390505,6
43595,4,0.06152927689254284,10
37316,4,0.060954466462135315,12
3064,4,0.06094319745898247,12
37859,4,0.0609393622726202,8
23578,4,0.060688674449920654,10
22944,4,0.06054524518549442,6
32632,4,0.06051183491945267,8
5015,4,0.060222143307328224,13
40371,4,0.05983400158584118,17
46585,4,0.05975425895303488,10
8427,4,0.05948299914598465,11
8715,4,0.05916023068130016,15
19909,4,0.05868189409375191,12
23277,4,0.058526257053017616,13
26803,4,0.05834873206913471,10
18551,4,0.05814534518867731,9
35499,4,0.05811682716012001,19
4117,4,0.05781834479421377,20
20517,4,0.057750895619392395,18
30120,4,0.05772644467651844,9
14376,4,0.057351620867848396,15
26745,4,0.05710582062602043,8
32174,4,0.056877694092690945,17
26001,4,0.056665731593966484,10
25790,4,0.055929023772478104,16
1209,4,0.05583489593118429,15
13987,4,0.05577151384204626,11
31205,4,0.05542777292430401,17
22596,4,0.05512365326285362,19
31426,4,0.05487123690545559,11
12816,4,0.05451075732707977,17
6917,4,0.05450689420104027,19
35221,4,0.0543820271268487,11
18947,4,0.05420915596187115,21
3040,4,0.05396203696727753,23
32646,4,0.05388689041137695,15
41092,4,0.053823716938495636,16
29250,4,0.05372095853090286,12
38940,4,0.05347931385040283,18
23185,4,0.053100427612662315,16
42965,4,0.05232962593436241,17
11062,4,0.05190494284033775,17
34658,4,0.05190187506377697,17
25603,4,0.05189238861203194,17
41041,4,0.05175711866468191,17
37646,4,0.051123881712555885,15
1692,4,0.050851086154580116,16
6077,4,0.05052860639989376,10
32541,4,0.05048774182796478,21
17500,4,0.050412774085998535,21
21787,4,0.050377532839775085,21
1751,4,0.050167568027973175,18
32308,4,0.05014842748641968,18
44819,4,0.05007524974644184,19
36522,4,0.05004102364182472,18
841,4,0.04997657239437103,16
1321,4,0.04966363124549389,17
18684,4,0.04950712062418461,16
15562,4,0.04921790212392807,25
42840,4,0.048966528847813606,22
33583,4,0.048807501792907715,17
42291,4,0.04876908287405968,17
42249,4,0.04833732545375824,23
42446,4,0.04792463406920433,20
13967,4,0.04763700067996979,19
10742,4,0.047097427770495415,23
42434,4,0.046890346333384514,17
17454,4,0.046645909547805786,21
30182,4,0.04663853347301483,21
5356,4,0.0466289296746254,20
26315,4,0.04652358405292034,21
16529,4,0.04628483206033707,24
43651,4,0.04589074105024338,16
28054,4,0.04577126167714596,20
5369,4,0.043522294610738754,19
26765,4,0.04298365116119385,20
22470,4,0.04146641679108143,22
26114,4,0.040253760293126106,19
106,3,0.13376443088054657,1
34317,3,0.09845637778441112,3
44156,3,0.09312503536542256,5
25632,3,0.08810488507151604,4
23112,3,0.08197479943434398,10
29521,3,0.08105638002355893,6
21659,3,0.08035834009448688,8
43138,3,0.07852370540301006,5
17991,3,0.07598726948102315,5
33699,3,0.07388655468821526,7
12304,3,0.07055990397930145,14
11644,3,0.07011380046606064,6
1628,3,0.07005402197440465,10
35393,3,0.06951572621862094,9
48493,3,0.06898083661993344,14
17598,3,0.06879843895634015,12
29844,3,0.06709802399079005,14
42674,3,0.06702331205209096,6
5366,3,0.06675660858551662,6
6035,3,0.06673415005207062,9
872,3,0.06602237125237782,11
9667,3,0.06593525906403859,12
37276,3,0.0655188945432504,12
3767,3,0.06425844629605611,11
28039,3,0.06353105728824933,16
35421,3,0.06331352641185124,12
46286,3,0.06317938615878423,13
40036,3,0.06298312296470006,7
34697,3,0.06264253084858258,11
9398,3,0.06252488990624745,12
24466,3,0.06228237599134445,10
14788,3,0.06149419645468394,12
15512,3,0.061426649490992226,14
46297,3,0.061163162191708885,13
2445,3,0.060933198779821396,12
26387,3,0.06068001687526703,11
15524,3,0.06052480141321818,17
40968,3,0.06001579761505127,14
8201,3,0.059525286157925926,14
33762,3,0.0595064585407575,14
10707,3,0.059272597233454384,15
27814,3,0.059073018531004585,7
28403,3,0.059045419096946716,13
44105,3,0.05862893660863241,19
37184,3,0.058523411552111305,11
31179,3,0.05848440031210581,11
28069,3,0.05819835886359215,15
27977,3,0.05811897665262222,12
24597,3,0.05804992467164993,12
16443,3,0.05757906039555868,13
17339,3,0.057565927505493164,17
13695,3,0.05740788082281748,10
2374,3,0.057255640625953674,10
34111,3,0.05692578852176666,19
9112,3,0.05650515481829643,20
15496,3,0.05603660891453425,17
36675,3,0.055971547961235046,10
21636,3,0.055829405784606934,12
8501,3,0.055642202496528625,19
2253,3,0.05519557247559229,15
23439,3,0.055031525592009224,12
48670,3,0.054696932435035706,18
10315,3,0.05443512896696726,16
20544,3,0.05442796895901362,10
11470,3,0.05400648464759191,18
11191,3,0.053933308770259224,25
47021,3,0.05355096608400345,20
4779,3,0.053436090548833214,9
13298,3,0.05340815087159475,17
40404,3,0.0533285861214002,17
15665,3,0.05324158817529678,16
35703,3,0.053222641348838806,25
36731,3,0.05288027226924896,15
6546,3,0.05262552201747894,13
23122,3,0.052460757394631706,17
26941,3,0.05240493764479955,16
18774,3,0.05234868327776591,13
14984,3,0.05198678374290466,28
19039,3,0.051468142618735634,22
10020,3,0.05134650319814682,19
23879,3,0.05130535860856374,17
11071,3,0.05106078336636225,18
1972,3,0.050905498365561165,18
9109,3,0.05087087427576383,17
2490,3,0.050661186377207436,17
38994,3,0.05065211157004038,15
45679,3,0.05046540995438894,20
10260,3,0.05020567774772644,21
30959,3,0.050050015250841774,24
46384,3,0.04993851979573568,15
43022,3,0.049904062102238335,14
36520,3,0.049879045536120735,15
4175,3,0.04944974680741628,19
42885,3,0.04942484696706136,20
30158,3,0.04939870908856392,19
48957,3,0.04935146619876226,16
48617,3,0.04934452474117279,21
27458,3,0.0488501638174057,19
40689,3,0.04881562292575836,17
31920,3,0.04879003018140793,25
35198,3,0.04848507543404897,25
39774,3,0.04823338488737742,18
16134,3,0.04815313716729482,19
35264,3,0.04812236626942953,20
19395,3,0.0480983629822731,25
38950,3,0.04803371926148733,21
18943,3,0.04794886956612269,23
23554,3,0.04793831209341685,15
21427,3,0.047838746259609856,14
32731,3,0.04779999206463496,21
23056,3,0.04750257978836695,24
37994,3,0.0474429652094841,17
6633,3,0.047344149400790535,21
46203,3,0.047252060224612556,23
34846,3,0.047247834503650665,17
27077,3,0.047208799670139946,16
13289,3,0.04720765973130862,25
47432,3,0.047112420201301575,25
22752,3,0.04704258839289347,20
14485,3,0.046992274622122444,24
12117,3,0.046735030909379326,19
12719,3,0.04673282181223234,20
39291,3,0.04660444955031077,20
30947,3,0.046212186415990196,21
19839,3,0.04616268600026766,24
48964,3,0.045677848160266876,23
33520,3,0.045607643822828926,15
29192,3,0.0454046775897344,27
16439,3,0.0453395831088225,20
10420,3,0.04528579115867615,22
14123,3,0.04521233215928078,17
13378,3,0.04492787644267082,22
40847,3,0.04477581133445104,22
17880,3,0.04477033019065857,30
20998,3,0.044440860549608864,15
43176,3,0.0443621501326561,25
45795,3,0.0434613103667895,28
12188,3,0.043226497868696846,23
27551,3,0.04310968890786171,17
33971,3,0.043055968979994454,24
10430,3,0.04286235446731249,29
35317,3,0.042545379449923836,22
47388,2,0.13009416311979294,4
27171,2,0.1292845830321312,1
33438,2,0.1189410649240017,4
44699,2,0.11335168406367302,2
23158,2,0.1108059510588646,2
15899,2,0.1060701385140419,6
16730,2,0.0997597724199295,5
21175,2,0.0982937291264534,9
38178,2,0.09693549759685993,3
28355,2,0.09670963883399963,7
14768,2,0.09617462009191513,5
14050,2,0.09293041378259659,6
10342,2,0.08910529315471649,2
26371,2,0.08849023282527924,12
47810,2,0.0876598060131073,4
6195,2,0.0872204452753067,6
34287,2,0.08714368380606174,5
34429,2,0.0851091742515564,7
27111,2,0.08453121036291122,11
12264,2,0.08420045673847198,7
23948,2,0.08390823006629944,11
46935,2,0.08344666101038456,7
36033,2,0.08039887621998787,6
19320,2,0.07993046194314957,6
43766,2,0.07732449471950531,10
31223,2,0.0772157572209835,5
1829,2,0.07525108382105827,5
10308,2,0.0732492208480835,10
14248,2,0.07258851267397404,15
39444,2,0.07169897854328156,13
6165,2,0.07129546627402306,7
27406,2,0.07124913483858109,10
15530,2,0.07122687995433807,10
23674,2,0.07081819325685501,10
13116,2,0.07074788585305214,6
25435,2,0.0701909177005291,12
3009,2,0.06956698000431061,14
44370,2,0.06918338686227798,7
11652,2,0.06877557188272476,12
46825,2,0.06853814795613289,13
22473,2,0.06836659833788872,12
21941,2,0.06800469383597374,7
8862,2,0.06774253956973553,10
3252,2,0.06743714213371277,9
14711,2,0.06698478758335114,14
37740,2,0.06668884307146072,12
10090,2,0.06579668074846268,12
39871,2,0.06575536727905273,10
25629,2,0.06515223905444145,13
25494,2,0.06505289301276207,13
48819,2,0.06501757726073265,12
15586,2,0.06445787101984024,13
29681,2,0.06387560814619064,16
26957,2,0.06374621763825417,14
38727,2,0.063507080078125,9
7029,2,0.06333762593567371,15
28583,2,0.06306909397244453,11
27009,2,0.06263694725930691,16
37058,2,0.062344565987586975,16
29114,2,0.061915818601846695,14
31580,2,0.0617366898804903,7
28302,2,0.060836926102638245,11
48790,2,0.06060921400785446,15
15446,2,0.06035534292459488,16
32796,2,0.060187846422195435,16
27893,2,0.06017421558499336,16
20464,2,0.059744901955127716,13
12743,2,0.05964140221476555,12
33771,2,0.05944737046957016,19
22234,2,0.05942440219223499,15
5794,2,0.059370655566453934,21
34833,2,0.05899758264422417,19
3586,2,0.05892518162727356,14
20671,2,0.0586291067302227,15
44680,2,0.058551227673888206,12
18755,2,0.05851608142256737,13
8775,2,0.05845276638865471,16
1909,2,0.05816801264882088,13
31936,2,0.058141736313700676,15
13510,2,0.05801546573638916,17
37384,2,0.05781976878643036,13
18624,2,0.057800620794296265,15
25156,2,0.0577680803835392,13
37964,2,0.057529743760824203,14
9369,2,0.05717267096042633,14
7769,2,0.057112015783786774,13
12943,2,0.056956857442855835,16
44110,2,0.05694274231791496,22
9684,2,0.05668199248611927,8
31519,2,0.056164221838116646,21
4692,2,0.05615605413913727,18
48690,2,0.05614480376243591,18
37225,2,0.05609483644366264,17
5525,2,0.05568758770823479,8
38406,2,0.05550900846719742,15
21289,2,0.055445218458771706,18
12643,2,0.055437810719013214,18
45952,2,0.05506166070699692,18
46717,2,0.05500713363289833,14
31076,2,0.05493566952645779,12
27493,2,0.05489506945014,16
33750,2,0.05479830503463745,18
22044,2,0.054761599749326706,14
27782,2,0.05456655099987984,13
44170,2,0.054513949900865555,15
20893,2,0.05449662730097771,20
19624,2,0.0544871985912323,14
40850,2,0.054448530077934265,20
8013,2,0.0544419065117836,16
886,2,0.05428247153759003,17
10589,2,0.054191648960113525,17
13261,2,0.05412716791033745,20
29272,2,0.05392565578222275,19
9277,2,0.053907401859760284,19
38981,2,0.05358533561229706,15
28305,2,0.05343427509069443,14
40810,2,0.05340228229761124,20
23642,2,0.0533195324242115,19
14749,2,0.053252801299095154,20
8260,2,0.05324430391192436,20
1780,2,0.05314760282635689,23
38900,2,0.05309459939599037,15
19233,2,0.05286962166428566,16
35363,2,0.05277986079454422,17
1912,2,0.05276697129011154,25
22164,2,0.05275965854525566,22
30221,2,0.05266290530562401,21
34425,2,0.05257738009095192,22
30113,2,0.05257049947977066,21
28422,2,0.05252089723944664,18
145,2,0.05234326794743538,23
47615,2,0.052126917988061905,20
17728,2,0.052104219794273376,21
3509,2,0.05198850482702255,17
22553,2,0.05192495137453079,19
14960,2,0.05180841311812401,22
45668,2,0.0517924539744854,22
15615,2,0.051687806844711304,15
27324,2,0.05158982798457146,20
1381,2,0.05140728875994682,17
43918,2,0.05140644684433937,18
26897,2,0.051380179822444916,23
42057,2,0.051330652087926865,19
30457,2,0.0512685663998127,23
13259,2,0.05119120329618454,16
38890,2,0.05118473991751671,18
22136,2,0.05116632208228111,23
21605,2,0.05116124823689461,17
44796,2,0.05116106942296028,18
33393,2,0.05107860639691353,18
45789,2,0.05102834850549698,18
45347,2,0.0509423203766346,26
27744,2,0.0509084053337574,31
48860,2,0.05046596750617027,22
7381,2,0.04997694492340088,26
30138,2,0.04997460916638374,23
7073,2,0.04992980137467384,27
1979,2,0.04991535097360611,17
11422,2,0.04990367963910103,25
28466,2,0.04987633228302002,18
6508,2,0.04986942186951637,21
37175,2,0.04963576793670654,25
24705,2,0.049476657062768936,30
24613,2,0.0494547002017498,16
15013,2,0.049286190420389175,23
7093,2,0.04925538972020149,16
12171,2,0.04912765696644783,17
11216,2,0.04909444972872734,20
194,2,0.04907479137182236,28
17351,2,0.049007825553417206,21
33809,2,0.048988938331604004,23
8343,2,0.04897122457623482,28
323,2,0.04896122217178345,22
20282,2,0.04894433915615082,20
37084,2,0.04880276322364807,15
11146,2,0.04868294298648834,24
6360,2,0.048500463366508484,21
18763,2,0.04818268492817879,24
45661,2,0.048142578452825546,20
12469,2,0.04810584336519241,23
48200,2,0.04808934032917023,20
7723,2,0.04807280749082565,19
37289,2,0.048004399985075,22
415,2,0.04798354208469391,29
37002,2,0.04797343537211418,27
38623,2,0.04796149209141731,21
4936,2,0.04780208319425583,21
46718,2,0.04766346886754036,17
35780,2,0.04764947667717934,20
15561,2,0.04757852852344513,26
1754,2,0.04756494611501694,24
45515,2,0.04719929397106171,24
15616,2,0.04719032719731331,22
23854,2,0.04713773727416992,23
42859,2,0.04713369160890579,22
15010,2,0.04709041491150856,28
2393,2,0.047076646238565445,21
37694,2,0.047066982835531235,25
14901,2,0.047005794942379,26
3038,2,0.04699300602078438,28
30906,2,0.04673285409808159,27
34345,2,0.046692464500665665,29
23637,2,0.04668789356946945,24
9814,2,0.046668071299791336,25
33249,2,0.046633679419755936,17
39213,2,0.04662211984395981,24
11956,2,0.046508368104696274,28
34240,2,0.04642186313867569,20
12655,2,0.046421147882938385,27
40970,2,0.04637826979160309,30
4728,2,0.04637736454606056,22
39290,2,0.04619523882865906,24
6473,2,0.045995794236660004,29
25078,2,0.04594426229596138,27
5821,2,0.045910708606243134,19
25605,2,0.04586304351687431,16
5553,2,0.04580393061041832,26
24375,2,0.04556627571582794,23
13448,2,0.04553072899580002,22
5246,2,0.045527707785367966,21
47921,2,0.04549378529191017,28
8288,2,0.045388687402009964,26
15606,2,0.04535233601927757,24
98,2,0.045314937829971313,20
36207,2,0.04505409672856331,22
39314,2,0.04501351714134216,25
26602,2,0.044971466064453125,28
44581,2,0.04483439028263092,28
4551,2,0.04471452161669731,26
31968,2,0.044654276221990585,29
23921,2,0.04464781656861305,25
2656,2,0.04437141492962837,23
9321,2,0.044339243322610855,21
39777,2,0.044312041252851486,27
26331,2,0.04430453106760979,28
33587,2,0.04417875409126282,24
38549,2,0.044063765555620193,27
48762,2,0.043739452958106995,28
35259,2,0.04371374100446701,23
35905,2,0.04362973943352699,24
35889,2,0.043544262647628784,27
19728,2,0.043370820581912994,27
23918,2,0.043324753642082214,24
44899,2,0.04328542947769165,30
33715,2,0.04289786517620087,31
12546,2,0.042524293065071106,27
45213,2,0.04247209057211876,32
38874,2,0.04206102713942528,24
36060,2,0.041701581329107285,24
26995,2,0.04155954718589783,30
35099,2,0.04155336320400238,25
15787,1,0.21094605326652527,4
44682,1,0.1819717139005661,1
13759,1,0.14592957496643066,4
49043,1,0.14496509730815887,7
387,1,0.14252969622612,4
32313,1,0.12404116988182068,8
38515,1,0.11948806792497635,10
7323,1,0.1088753417134285,7
48642,1,0.10755033791065216,6
12363,1,0.10562260448932648,6
28071,1,0.09794354438781738,7
46780,1,0.0960245132446289,8
34245,1,0.0958772674202919,13
44464,1,0.09486202895641327,8
29573,1,0.09454624354839325,11
44826,1,0.09325561672449112,11
34936,1,0.09002934396266937,11
20177,1,0.08966447412967682,13
44719,1,0.08671601116657257,10
29703,1,0.08548018336296082,7
4107,1,0.0821627825498581,9
6806,1,0.08097521960735321,7
42617,1,0.08079108595848083,8
41418,1,0.08027027547359467,11
21646,1,0.08013708889484406,12
2326,1,0.07964707165956497,12
22257,1,0.07861374318599701,13
8928,1,0.07819715887308121,13
24921,1,0.07756698876619339,14
29649,1,0.07686886936426163,13
41994,1,0.07667875289916992,12
2697,1,0.07666359841823578,8
17550,1,0.07652179896831512,7
11982,1,0.07643751800060272,15
22938,1,0.07574772834777832,16
2034,1,0.07525666058063507,13
7880,1,0.07482518255710602,11
48075,1,0.07429005205631256,15
46995,1,0.07404174655675888,15
21785,1,0.07319681346416473,14
34165,1,0.0728694349527359,17
18544,1,0.07264354825019836,14
23216,1,0.07254543155431747,12
21826,1,0.07234898954629898,19
34234,1,0.07187864184379578,15
43118,1,0.07126825302839279,11
4773,1,0.07113855332136154,14
33545,1,0.07090715318918228,17
17035,1,0.07037077099084854,16
45047,1,0.07023424655199051,14
26664,1,0.06987879425287247,13
13690,1,0.06977946311235428,10
935,1,0.06966729462146759,22
44695,1,0.0690663531422615,15
30985,1,0.06839639693498611,12
29527,1,0.0683446004986763,8
48862,1,0.06820420175790787,13
43430,1,0.06793990731239319,11
8263,1,0.0676993727684021,12
11117,1,0.0676313266158104,14
15031,1,0.06762713938951492,14
35818,1,0.06750493496656418,12
24258,1,0.06693258136510849,11
10038,1,0.06688227504491806,17
7394,1,0.0667252242565155,16
31247,1,0.06604959070682526,13
15498,1,0.06565628945827484,13
44334,1,0.065636545419693,20
8706,1,0.06534342467784882,14
38310,1,0.06533035635948181,18
31778,1,0.06531999260187149,17
14498,1,0.06516299396753311,17
15661,1,0.06511586159467697,16
7652,1,0.06500682234764099,18
29162,1,0.0649665892124176,18
3328,1,0.06467606872320175,11
39737,1,0.06453905254602432,11
29859,1,0.06417063623666763,15
38343,1,0.06408197432756424,13
28589,1,0.06407226622104645,17
30575,1,0.06401708722114563,21
47792,1,0.06398922204971313,13
46812,1,0.06387899070978165,16
46347,1,0.06380648165941238,21
10409,1,0.06364785134792328,16
15118,1,0.06361140310764313,20
32699,1,0.06324741244316101,22
397,1,0.06313657760620117,10
35357,1,0.0628935918211937,26
21910,1,0.06257526576519012,16
14777,1,0.06238119304180145,22
15746,1,0.06225215271115303,16
47961,1,0.06211963668465614,17
3123,1,0.062098730355501175,18
43008,1,0.06207834184169769,20
39817,1,0.06157677248120308,17
21870,1,0.061553820967674255,19
31616,1,0.06146291270852089,23
19759,1,0.06145143508911133,13
44822,1,0.060807786881923676,22
21062,1,0.06038612872362137,18
6345,1,0.060155920684337616,18
24513,1,0.060140930116176605,20
48683,1,0.060012854635715485,23
41068,1,0.05999036133289337,21
43667,1,0.05985568091273308,12
15363,1,0.05980435386300087,12
29856,1,0.059628963470458984,20
3007,1,0.05946984514594078,20
25987,1,0.0593232698738575,18
13625,1,0.059078581631183624,24
11589,1,0.05907505378127098,18
24890,1,0.05899915099143982,20
27413,1,0.058952897787094116,22
17453,1,0.0589318685233593,18
48202,1,0.058781228959560394,21
4996,1,0.058688290417194366,17
8406,1,0.05865081772208214,17
45848,1,0.0584351047873497,15
1132,1,0.058428168296813965,19
23947,1,0.058170631527900696,17
14347,1,0.05816939100623131,17
30874,1,0.05796971917152405,24
3090,1,0.05779856815934181,23
7359,1,0.05778094381093979,20
31716,1,0.0577104352414608,24
35911,1,0.0575815849006176,19
13234,1,0.05743107199668884,26
15026,1,0.057412419468164444,16
33447,1,0.057333968579769135,19
32558,1,0.057332299649715424,20
25166,1,0.0573183037340641,20
573,1,0.05727946013212204,29
47697,1,0.057250894606113434,26
23934,1,0.05721599608659744,20
23724,1,0.05709310621023178,22
12374,1,0.056965626776218414,23
47249,1,0.05686388909816742,21
6962,1,0.05684022232890129,24
8891,1,0.05675753206014633,30
2068,1,0.05666970834136009,16
10077,1,0.056666724383831024,25
30629,1,0.05666518211364746,17
21611,1,0.056517329066991806,20
46227,1,0.05651678889989853,16
17516,1,0.05651092156767845,19
20411,1,0.05650993064045906,21
2872,1,0.05648444965481758,18
700,1,0.056349944323301315,17
30225,1,0.05630429834127426,17
12001,1,0.056295741349458694,18
5247,1,0.05610430985689163,20
27218,1,0.05593379586935043,28
31492,1,0.05591578036546707,19
40373,1,0.05573993921279907,20
27903,1,0.05530508980154991,23
14604,1,0.055236902087926865,25
48856,1,0.05502854660153389,20
9183,1,0.05494408309459686,19
19729,1,0.05481179058551788,21
18018,1,0.05477175861597061,16
24288,1,0.054680515080690384,22
36749,1,0.0546475350856781,28
41157,1,0.05464398115873337,20
9884,1,0.054632753133773804,21
23052,1,0.0545516237616539,28
35791,1,0.05451546609401703,18
26307,1,0.054442618042230606,21
28706,1,0.05433604121208191,20
2607,1,0.05420798063278198,19
15716,1,0.054160505533218384,23
11803,1,0.053911928087472916,22
27204,1,0.05379989370703697,24
20348,1,0.05357886105775833,22
4903,1,0.05349808186292648,14
7683,1,0.05331855267286301,24
42684,1,0.05324961617588997,25
32166,1,0.05321304872632027,24
3128,1,0.05315084010362625,17
29470,1,0.053077828139066696,19
9831,1,0.05303395539522171,22
24608,1,0.05294889584183693,20
4594,1,0.05275499075651169,25
40730,1,0.052739668637514114,26
30469,1,0.052695758640766144,24
909,1,0.052632443606853485,26
11357,1,0.05261538177728653,12
11288,1,0.052544377744197845,26
46230,1,0.052542105317115784,20
10724,1,0.05253400281071663,17
36064,1,0.052508022636175156,17
2998,1,0.05243964493274689,27
41285,1,0.05243304371833801,30
49026,1,0.05237063765525818,15
44694,1,0.0523671917617321,17
46679,1,0.05235295742750168,31
8703,1,0.052337441593408585,22
35029,1,0.05226065218448639,25
23791,1,0.05219912528991699,22
19186,1,0.052140653133392334,30
36369,1,0.05176777392625809,27
12206,1,0.0516950860619545,30
28548,1,0.05169161409139633,19
792,1,0.05165378749370575,29
32477,1,0.05159038305282593,29
24120,1,0.051582738757133484,24
34453,1,0.05155119672417641,23
35990,1,0.05144819617271423,30
20187,1,0.05143652483820915,16
43375,1,0.05139009281992912,20
9299,1,0.05126600340008736,21
15938,1,0.05126512423157692,26
14014,1,0.051249630749225616,24
39901,1,0.051051825284957886,26
22996,1,0.05094314366579056,20
6576,1,0.05087800323963165,22
41535,1,0.050838619470596313,24
38622,1,0.0508287250995636,22
614,1,0.050631798803806305,25
12102,1,0.050596654415130615,28
11259,1,0.05055858939886093,21
38893,1,0.05047539994120598,26
12376,1,0.050250183790922165,22
48872,1,0.05023115128278732,20
14990,1,0.05019141361117363,30
29971,1,0.050175704061985016,32
37510,1,0.05016462504863739,30
35788,1,0.05015178397297859,22
36809,1,0.05013264715671539,22
17951,1,0.0501132570207119,22
12146,1,0.05007319897413254,32
32590,1,0.05006817728281021,21
31523,1,0.05006030946969986,20
18373,1,0.05004788935184479,25
29260,1,0.04997773468494415,28
17635,1,0.04988754168152809,28
4643,1,0.04987330362200737,25
10881,1,0.0498596727848053,32
14567,1,0.04984057694673538,23
21122,1,0.04982370138168335,30
5529,1,0.0497904047369957,31
32258,1,0.0496935099363327,26
20995,1,0.04966476559638977,28
16679,1,0.04961111396551132,26
11693,1,0.04957916587591171,24
18452,1,0.04957852512598038,25
20742,1,0.04940208047628403,31
40591,1,0.04940001666545868,28
13946,1,0.04939192533493042,22
42737,1,0.04937324672937393,20
23757,1,0.04932204633951187,26
42904,1,0.04930819571018219,21
28377,1,0.04918766766786575,30
18919,1,0.04914252460002899,25
4747,1,0.049139298498630524,26
42383,1,0.04908706992864609,27
46414,1,0.0490165576338768,31
10265,1,0.048893287777900696,27
5812,1,0.048873212188482285,29
29355,1,0.04886374622583389,23
35814,1,0.048829272389411926,25
24758,1,0.04879964143037796,29
41277,1,0.04879095405340195,22
31704,1,0.04873627796769142,22
46900,1,0.04873605817556381,29
4848,1,0.04863227903842926,25
2439,1,0.0485798679292202,29
48134,1,0.04855826497077942,25
30269,1,0.048444196581840515,23
6276,1,0.0483805313706398,28
10657,1,0.04835402965545654,23
26179,1,0.04832208529114723,29
7654,1,0.04831255227327347,17
32326,1,0.04827975481748581,27
23992,1,0.04823353886604309,28
637,1,0.04823344945907593,30
36810,1,0.048198893666267395,27
31830,1,0.04819845035672188,28
29110,1,0.048189591616392136,27
48603,1,0.04818074405193329,24
31530,1,0.04816886782646179,27
13149,1,0.04802714288234711,26
10952,1,0.04796866327524185,22
21831,1,0.04796599969267845,32
342,1,0.047944556921720505,28
7703,1,0.04793016240000725,24
1152,1,0.047839272767305374,21
39576,1,0.04774567857384682,30
17770,1,0.04774412885308266,22
45772,1,0.047725580632686615,30
44875,1,0.047720007598400116,17
22860,1,0.04763808846473694,28
42448,1,0.04762037843465805,31
11854,1,0.04760270565748215,26
38809,1,0.04756861552596092,28
16291,1,0.0474974662065506,27
29296,1,0.04748863726854324,29
35320,1,0.04747790843248367,27
39500,1,0.047413796186447144,29
44979,1,0.047409407794475555,26
33464,1,0.04739421606063843,28
23397,1,0.04735950380563736,24
42025,1,0.047342292964458466,30
11937,1,0.04733674228191376,31
15620,1,0.04731803387403488,23
2519,1,0.04728998988866806,21
48006,1,0.0472831204533577,18
25355,1,0.04728057608008385,24
40286,1,0.047195546329021454,28
41388,1,0.047177866101264954,29
41284,1,0.047163911163806915,28
3963,1,0.04716355726122856,28
35429,1,0.047045424580574036,26
42806,1,0.04703950881958008,27
34048,1,0.046983011066913605,28
46257,1,0.046960171312093735,26
17206,1,0.04694230109453201,20
18382,1,0.046917833387851715,28
26110,1,0.04688877984881401,20
27702,1,0.04673416540026665,27
27361,1,0.046671487390995026,28
29680,1,0.046669408679008484,28
20053,1,0.046601444482803345,30
48892,1,0.04659534990787506,27
23202,1,0.046541500836610794,27
16996,1,0.046511635184288025,22
14139,1,0.04650728404521942,30
47656,1,0.04648006334900856,29
40199,1,0.04642336815595627,32
25535,1,0.04642138630151749,29
14815,1,0.04641377925872803,31
21283,1,0.04640206694602966,30
39033,1,0.04638536274433136,26
24410,1,0.046375080943107605,25
41101,1,0.04634787142276764,28
13258,1,0.04632752761244774,27
6180,1,0.046288181096315384,31
13503,1,0.046229347586631775,25
18598,1,0.046178534626960754,31
36903,1,0.04614097625017166,28
18484,1,0.04612934961915016,27
24376,1,0.04611804336309433,30
17670,1,0.046083759516477585,31
26720,1,0.04607688635587692,20
23450,1,0.046055592596530914,26
44874,1,0.046050649136304855,29
19270,1,0.04604347050189972,28
7616,1,0.046023253351449966,25
39486,1,0.045997098088264465,25
20793,1,0.04598352685570717,28
30818,1,0.045954592525959015,25
21155,1,0.0459490641951561,32
30375,1,0.04591480270028114,29
849,1,0.045910466462373734,25
5243,1,0.04587595909833908,22
37178,1,0.04584405943751335,27
17282,1,0.045832082629203796,27
29499,1,0.045792050659656525,31
7961,1,0.04574477672576904,32
47040,1,0.045716866850852966,26
34970,1,0.0456685870885849,24
42797,1,0.04566802829504013,28
35441,1,0.04566607624292374,24
26053,1,0.04562245309352875,28
32801,1,0.04560907185077667,25
15852,1,0.04541493207216263,31
35723,1,0.04540842026472092,26
33265,1,0.04540146514773369,31
20380,1,0.045360349118709564,29
19386,1,0.04534759372472763,24
22667,1,0.045347198843955994,31
8334,1,0.045332811772823334,29
25338,1,0.045303624123334885,27
21895,1,0.04528908431529999,27
5272,1,0.04524829238653183,26
32761,1,0.04519932344555855,27
43858,1,0.04516780376434326,29
997,1,0.04513151943683624,32
35924,1,0.045131247490644455,27
37505,1,0.045069389045238495,27
45431,1,0.04506024718284607,24
22096,1,0.045046936720609665,30
47624,1,0.045041292905807495,28
32325,1,0.04503349959850311,26
37128,1,0.0450054369866848,32
38195,1,0.04497666656970978,31
31118,1,0.04494380205869675,30
15044,1,0.044917963445186615,22
24840,1,0.044870126992464066,24
42126,1,0.04484742507338524,29
35534,1,0.044846657663583755,30
154,1,0.044823385775089264,29
40332,1,0.044791080057621,29
3720,1,0.044783130288124084,31
37148,1,0.044780801981687546,32
29543,1,0.044764675199985504,32
30965,1,0.044763967394828796,31
24152,1,0.04476296156644821,27
15987,1,0.044751740992069244,22
20835,1,0.04472959041595459,31
48230,1,0.04468834400177002,31
16190,1,0.04460550472140312,27
23237,1,0.04460451751947403,30
853,1,0.0445818230509758,25
34804,1,0.04456248879432678,22
16706,1,0.0445319265127182,29
20302,1,0.04446164518594742,22
43442,1,0.04440253973007202,28
45077,1,0.04433295503258705,31
31881,1,0.0443299375474453,25
15725,1,0.04432907700538635,27
10158,1,0.04432244971394539,24
30918,1,0.04427783563733101,25
8767,1,0.04425719752907753,24
30942,1,0.044254057109355927,26
43841,1,0.0442248210310936,30
9976,1,0.04420899599790573,27
37517,1,0.04419562220573425,24
45393,1,0.04417800158262253,25
34949,1,0.04416247457265854,27
8422,1,0.04411522299051285,31
13427,1,0.04403814673423767,27
25495,1,0.04401745647192001,29
28597,1,0.04398837313055992,29
20486,1,0.043987907469272614,29
20199,1,0.04398449510335922,26
44344,1,0.04396890476346016,30
16742,1,0.04392678663134575,30
13458,1,0.043907586485147476,27
11816,1,0.043858833611011505,32
43642,1,0.043806932866573334,29
21518,1,0.043739814311265945,23
26225,1,0.04372164607048035,31
43472,1,0.04371858388185501,29
9975,1,0.043696753680706024,28
25553,1,0.043666355311870575,25
40981,1,0.043637923896312714,30
29785,1,0.04361169785261154,26
14900,1,0.04359827935695648,27
31983,1,0.043532658368349075,27
24083,1,0.043524712324142456,29
39014,1,0.04346942901611328,24
18987,1,0.043405987322330475,30
23562,1,0.043403513729572296,18
17045,1,0.04338753968477249,31
8371,1,0.04322928190231323,29
28409,1,0.04321599751710892,25
37881,1,0.043212730437517166,29
8651,1,0.043108657002449036,26
11325,1,0.04309163987636566,27
25866,1,0.04308931902050972,18
19881,1,0.04304726421833038,31
42086,1,0.043027348816394806,29
13288,1,0.042939797043800354,27
33291,1,0.04290766268968582,24
9959,1,0.04277825355529785,31
19892,1,0.04273371398448944,26
39971,1,0.042673710733652115,21
46931,1,0.042620934545993805,28
29557,1,0.04262050241231918,32
26966,1,0.042575616389513016,24
22639,1,0.04243272542953491,27
11109,1,0.04242527484893799,22
25924,1,0.042396608740091324,32
26275,1,0.04236524552106857,29
13285,1,0.04236249998211861,29
23907,1,0.0423482209444046,32
41380,1,0.04234718158841133,24
47911,1,0.042263537645339966,28
33672,1,0.042261529713869095,32
43418,1,0.04225067421793938,25
20971,1,0.04222613200545311,29
10732,1,0.04218262806534767,29
29096,1,0.04214939475059509,31
19089,1,0.042143844068050385,24
3319,1,0.042121630162000656,26
15455,1,0.042064763605594635,32
7507,1,0.04205808416008949,27
6429,1,0.04198911041021347,31
20241,1,0.041970495134592056,32
19955,1,0.04196217656135559,28
26759,1,0.04190780967473984,30
6981,1,0.041787952184677124,27
40937,1,0.04172402247786522,30
17299,1,0.04172114282846451,23
22182,1,0.041720278561115265,30
43752,1,0.041628822684288025,29
1151,1,0.04158632457256317,27
26527,1,0.04151501506567001,31
13878,1,0.04145807772874832,21
14837,1,0.04140862822532654,26
48903,1,0.04132942110300064,31
12079,1,0.041242845356464386,28
13329,1,0.0412256121635437,28
11804,1,0.04110865294933319,28
12337,1,0.04107791185379028,27
13870,1,0.04104588180780411,24
31648,1,0.041002631187438965,31
42043,1,0.040998026728630066,30
27373,1,0.04069293662905693,32
23083,1,0.04065607488155365,28
27697,1,0.04048556834459305,28
2415,1,0.040230557322502136,31
24233,1,0.0401577390730381,22
32074,1,0.040125198662281036,32
30659,1,0.0398920439183712,27
21961,1,0.0398835614323616,26
45455,1,0.03982534632086754,27
17945,1,0.039316751062870026,32
13803,1,0.03925098851323128,30
37190,1,0.03920130804181099,27
34407,1,0.03826674818992615,28
3323,1,0.0372186042368412,31
34279,1,0.03636420518159866,27
16200,1,0.03613827005028725,29
7408,1,0.03608370199799538,22
15,1,0.0,17
